time,vehicle_id,position,speed,acceleration
0.10,vehicle_0,2.78,100.09,0.24
0.10,vehicle_1,53.06,110.07,0.21
0.10,vehicle_2,103.27,117.84,-6.00
0.10,vehicle_3,152.78,100.09,0.24
0.10,vehicle_4,203.06,110.07,0.21
0.10,vehicle_5,253.27,117.84,-6.00
0.10,vehicle_6,302.78,100.09,0.24
0.10,vehicle_7,353.06,110.07,0.21
0.10,vehicle_8,403.27,117.84,-6.00
0.10,vehicle_9,452.78,100.11,0.32
1.10,vehicle_0,30.70,100.78,0.11
1.10,vehicle_1,83.40,107.79,-1.10
1.10,vehicle_2,133.71,105.42,-1.75
1.10,vehicle_3,180.70,100.78,0.11
1.10,vehicle_4,233.40,107.79,-1.10
1.10,vehicle_5,283.71,105.42,-1.75
1.10,vehicle_6,330.70,100.78,0.11
1.10,vehicle_7,383.40,107.81,-1.08
1.10,vehicle_8,433.73,105.54,-1.69
1.10,vehicle_9,480.76,101.19,0.29
2.10,vehicle_0,58.70,100.66,-0.15
2.10,vehicle_1,112.73,103.87,-0.99
2.10,vehicle_2,162.33,101.57,-0.72
2.10,vehicle_3,208.70,100.66,-0.15
2.10,vehicle_4,262.73,103.87,-0.99
2.10,vehicle_5,312.33,101.58,-0.72
2.10,vehicle_6,358.70,100.68,-0.14
2.10,vehicle_7,412.75,104.02,-0.94
2.10,vehicle_8,462.43,102.08,-0.57
2.10,vehicle_9,509.02,102.17,0.26
3.10,vehicle_0,86.53,99.74,-0.32
3.10,vehicle_1,141.10,100.88,-0.71
3.10,vehicle_2,190.23,99.62,-0.45
3.10,vehicle_3,236.53,99.74,-0.32
3.10,vehicle_4,291.10,100.88,-0.71
3.10,vehicle_5,340.23,99.64,-0.44
3.10,vehicle_6,386.55,99.83,-0.29
3.10,vehicle_7,441.21,101.33,-0.59
3.10,vehicle_8,490.58,100.91,-0.18
3.10,vehicle_9,537.54,103.05,0.23
4.10,vehicle_0,114.05,98.48,-0.36
4.10,vehicle_1,168.78,98.74,-0.52
4.10,vehicle_2,217.67,98.20,-0.36
4.10,vehicle_3,264.05,98.48,-0.36
4.10,vehicle_4,318.78,98.76,-0.51
4.10,vehicle_5,367.69,98.29,-0.34
4.10,vehicle_6,414.12,98.76,-0.30
4.10,vehicle_7,469.09,99.74,-0.33
4.10,vehicle_8,518.56,100.66,-0.00
4.10,vehicle_9,566.28,103.84,0.21
5.10,vehicle_0,141.21,97.19,-0.35
5.10,vehicle_1,195.95,97.13,-0.40
5.10,vehicle_2,244.76,96.97,-0.32
5.10,vehicle_3,291.21,97.21,-0.34
5.10,vehicle_4,345.97,97.20,-0.38
5.10,vehicle_5,394.82,97.20,-0.28
5.10,vehicle_6,441.40,97.78,-0.24
5.10,vehicle_7,496.65,98.90,-0.16
5.10,vehicle_8,546.54,100.85,0.09
5.10,vehicle_9,595.24,104.54,0.19
6.10,vehicle_0,168.02,96.00,-0.31
6.10,vehicle_1,222.73,95.85,-0.33
6.10,vehicle_2,271.53,95.87,-0.29
6.10,vehicle_3,318.03,96.05,-0.30
6.10,vehicle_4,372.78,96.01,-0.29
6.10,vehicle_5,421.68,96.31,-0.22
6.10,vehicle_6,468.44,97.05,-0.17
6.10,vehicle_7,524.07,98.57,-0.05
6.10,vehicle_8,574.61,101.25,0.13
6.10,vehicle_9,624.37,105.17,0.17
7.10,vehicle_0,194.52,94.95,-0.28
7.10,vehicle_1,249.19,94.77,-0.28
7.10,vehicle_2,298.00,94.87,-0.26
7.10,vehicle_3,344.56,95.05,-0.26
7.10,vehicle_4,399.30,95.09,-0.23
7.10,vehicle_5,448.33,95.64,-0.16
7.10,vehicle_6,495.32,96.58,-0.10
7.10,vehicle_7,551.44,98.56,0.03
7.10,vehicle_8,602.81,101.76,0.15
7.10,vehicle_9,653.68,105.73,0.15
8.10,vehicle_0,220.75,94.02,-0.24
8.10,vehicle_1,275.37,93.86,-0.24
8.10,vehicle_2,324.22,94.00,-0.23
8.10,vehicle_3,370.83,94.21,-0.21
8.10,vehicle_4,425.61,94.40,-0.17
8.10,vehicle_5,474.82,95.16,-0.11
8.10,vehicle_6,522.10,96.33,-0.04
8.10,vehicle_7,578.84,98.76,0.08
8.10,vehicle_8,631.16,102.30,0.15
8.10,vehicle_9,683.12,106.23,0.13
9.10,vehicle_0,246.74,93.21,-0.21
9.10,vehicle_1,301.32,93.07,-0.20
9.10,vehicle_2,350.22,93.26,-0.19
9.10,vehicle_3,396.89,93.54,-0.17
9.10,vehicle_4,451.75,93.89,-0.12
9.10,vehicle_5,501.20,94.88,-0.06
9.10,vehicle_6,548.85,96.26,0.00
9.10,vehicle_7,606.33,99.10,0.11
9.10,vehicle_8,659.66,102.85,0.15
9.10,vehicle_9,712.70,106.68,0.12
10.10,vehicle_0,272.52,92.51,-0.18
10.10,vehicle_1,327.06,92.39,-0.17
10.10,vehicle_2,376.02,92.64,-0.16
10.10,vehicle_3,422.79,93.01,-0.13
10.10,vehicle_4,477.77,93.56,-0.07
10.10,vehicle_5,527.54,94.76,-0.01
10.10,vehicle_6,575.60,96.34,0.04
10.10,vehicle_7,633.92,99.52,0.12
10.10,vehicle_8,688.32,103.39,0.15
10.10,vehicle_9,742.40,107.07,0.10
11.10,vehicle_0,298.13,91.90,-0.16
11.10,vehicle_1,352.64,91.83,-0.14
11.10,vehicle_2,401.68,92.14,-0.12
11.10,vehicle_3,448.56,92.62,-0.09
11.10,vehicle_4,503.73,93.37,-0.03
11.10,vehicle_5,553.86,94.78,0.02
11.10,vehicle_6,602.38,96.53,0.06
11.10,vehicle_7,661.63,99.98,0.13
11.10,vehicle_8,717.11,103.90,0.14
11.10,vehicle_9,772.19,107.42,0.09
12.10,vehicle_0,323.57,91.37,-0.13
12.10,vehicle_1,378.07,91.36,-0.12
12.10,vehicle_2,427.21,91.76,-0.09
12.10,vehicle_3,474.25,92.36,-0.06
12.10,vehicle_4,529.66,93.32,-0.00
12.10,vehicle_5,580.20,94.91,0.05
12.10,vehicle_6,629.24,96.79,0.08
12.10,vehicle_7,689.48,100.47,0.14
12.10,vehicle_8,746.05,104.38,0.13
12.10,vehicle_9,802.08,107.73,0.08
13.10,vehicle_0,348.88,90.93,-0.11
13.10,vehicle_1,403.39,91.00,-0.09
13.10,vehicle_2,452.66,91.50,-0.06
13.10,vehicle_3,499.88,92.20,-0.03
13.10,vehicle_4,555.58,93.37,0.03
13.10,vehicle_5,606.60,95.13,0.07
13.10,vehicle_6,656.17,97.11,0.09
13.10,vehicle_7,717.46,100.96,0.14
13.10,vehicle_8,775.11,104.82,0.12
13.10,vehicle_9,832.05,108.00,0.07
14.10,vehicle_0,374.09,90.57,-0.09
14.10,vehicle_1,428.63,90.73,-0.06
14.10,vehicle_2,478.05,91.33,-0.03
14.10,vehicle_3,525.48,92.15,-0.00
14.10,vehicle_4,581.54,93.52,0.05
14.10,vehicle_5,633.07,95.42,0.09
14.10,vehicle_6,683.20,97.47,0.10
14.10,vehicle_7,745.58,101.44,0.13
14.10,vehicle_8,804.29,105.23,0.11
14.10,vehicle_9,862.09,108.24,0.06
15.10,vehicle_0,399.20,90.29,-0.07
15.10,vehicle_1,453.80,90.54,-0.04
15.10,vehicle_2,503.40,91.25,-0.01
15.10,vehicle_3,551.08,92.18,0.02
15.10,vehicle_4,607.55,93.74,0.07
15.10,vehicle_5,659.62,95.75,0.10
15.10,vehicle_6,710.33,97.84,0.11
15.10,vehicle_7,773.83,101.90,0.13
15.10,vehicle_8,833.58,105.61,0.10
15.10,vehicle_9,892.19,108.46,0.06
16.10,vehicle_0,424.24,90.07,-0.05
16.10,vehicle_1,478.93,90.44,-0.02
16.10,vehicle_2,528.75,91.26,0.01
16.10,vehicle_3,576.70,92.29,0.04
16.10,vehicle_4,633.63,94.02,0.08
16.10,vehicle_5,686.28,96.13,0.11
16.10,vehicle_6,737.57,98.23,0.11
16.10,vehicle_7,802.20,102.35,0.12
16.10,vehicle_8,862.97,105.96,0.09
16.10,vehicle_9,922.34,108.64,0.05
17.10,vehicle_0,449.24,89.92,-0.03
17.10,vehicle_1,504.05,90.41,0.00
17.10,vehicle_2,554.11,91.33,0.03
17.10,vehicle_3,602.36,92.46,0.05
17.10,vehicle_4,659.80,94.35,0.10
17.10,vehicle_5,713.04,96.52,0.11
17.10,vehicle_6,764.92,98.62,0.11
17.10,vehicle_7,830.70,102.77,0.11
17.10,vehicle_8,892.46,106.27,0.08
17.10,vehicle_9,952.55,108.81,0.04
18.10,vehicle_0,474.20,89.84,-0.02
18.10,vehicle_1,529.17,90.45,0.02
18.10,vehicle_2,579.50,91.47,0.05
18.10,vehicle_3,628.08,92.67,0.07
18.10,vehicle_4,686.06,94.70,0.10
18.10,vehicle_5,739.91,96.93,0.11
18.10,vehicle_6,792.37,99.00,0.11
18.10,vehicle_7,859.31,103.17,0.11
18.10,vehicle_8,922.02,106.56,0.08
18.10,vehicle_9,982.79,108.95,0.04
19.10,vehicle_0,499.15,89.81,-0.00
19.10,vehicle_1,554.30,90.54,0.03
19.10,vehicle_2,604.94,91.67,0.06
19.10,vehicle_3,653.86,92.93,0.08
19.10,vehicle_4,712.42,95.09,0.11
19.10,vehicle_5,766.90,97.34,0.11
19.10,vehicle_6,819.93,99.38,0.10
19.10,vehicle_7,888.02,103.54,0.10
19.10,vehicle_8,951.66,106.82,0.07
19.10,vehicle_9,1013.08,109.08,0.03
20.10,vehicle_0,524.10,89.84,0.01
20.10,vehicle_1,579.48,90.69,0.05
20.10,vehicle_2,630.43,91.90,0.07
20.10,vehicle_3,679.72,93.23,0.08
20.10,vehicle_4,738.90,95.48,0.11
20.10,vehicle_5,794.00,97.75,0.11
20.10,vehicle_6,847.59,99.74,0.10
20.10,vehicle_7,916.84,103.89,0.09
20.10,vehicle_8,981.37,107.06,0.06
20.10,vehicle_9,1043.39,109.19,0.03
21.10,vehicle_0,549.07,89.91,0.03
21.10,vehicle_1,604.70,90.89,0.06
21.10,vehicle_2,656.00,92.18,0.08
21.10,vehicle_3,705.66,93.54,0.09
21.10,vehicle_4,765.48,95.89,0.11
21.10,vehicle_5,821.21,98.15,0.11
21.10,vehicle_6,875.35,100.09,0.10
21.10,vehicle_7,945.75,104.22,0.09
21.10,vehicle_8,1011.14,107.27,0.06
21.10,vehicle_9,1073.74,109.29,0.03
22.10,vehicle_0,574.06,90.03,0.04
22.10,vehicle_1,629.98,91.12,0.07
22.10,vehicle_2,681.66,92.48,0.09
22.10,vehicle_3,731.70,93.88,0.09
22.10,vehicle_4,792.18,96.30,0.11
22.10,vehicle_5,848.54,98.55,0.11
22.10,vehicle_6,903.20,100.42,0.09
22.10,vehicle_7,974.75,104.52,0.08
22.10,vehicle_8,1040.97,107.47,0.05
22.10,vehicle_9,1104.11,109.38,0.02
23.10,vehicle_0,599.09,90.19,0.05
23.10,vehicle_1,655.33,91.39,0.08
23.10,vehicle_2,707.39,92.81,0.09
23.10,vehicle_3,757.83,94.22,0.10
23.10,vehicle_4,818.99,96.70,0.11
23.10,vehicle_5,875.97,98.93,0.10
23.10,vehicle_6,931.15,100.74,0.09
23.10,vehicle_7,1003.83,104.81,0.08
23.10,vehicle_8,1070.85,107.65,0.05
23.10,vehicle_9,1134.51,109.45,0.02
24.10,vehicle_0,624.18,90.39,0.06
24.10,vehicle_1,680.76,91.68,0.08
24.10,vehicle_2,733.23,93.15,0.10
24.10,vehicle_3,784.05,94.58,0.10
24.10,vehicle_4,845.91,97.10,0.11
24.10,vehicle_5,903.51,99.30,0.10
24.10,vehicle_6,959.18,101.04,0.08
24.10,vehicle_7,1032.98,105.07,0.07
24.10,vehicle_8,1100.78,107.81,0.04
24.10,vehicle_9,1164.92,109.52,0.02
25.10,vehicle_0,649.32,90.61,0.06
25.10,vehicle_1,706.28,92.00,0.09
25.10,vehicle_2,759.16,93.51,0.10
25.10,vehicle_3,810.38,94.93,0.10
25.10,vehicle_4,872.95,97.49,0.11
25.10,vehicle_5,931.14,99.65,0.10
25.10,vehicle_6,987.29,101.33,0.08
25.10,vehicle_7,1062.21,105.32,0.07
25.10,vehicle_8,1130.75,107.96,0.04
25.10,vehicle_9,1195.35,109.58,0.02
26.10,vehicle_0,674.52,90.85,0.07
26.10,vehicle_1,731.88,92.33,0.09
26.10,vehicle_2,785.19,93.87,0.10
26.10,vehicle_3,836.80,95.28,0.10
26.10,vehicle_4,900.08,97.87,0.10
26.10,vehicle_5,958.87,99.98,0.09
26.10,vehicle_6,1015.47,101.60,0.07
26.10,vehicle_7,1091.50,105.55,0.06
26.10,vehicle_8,1160.76,108.10,0.04
26.10,vehicle_9,1225.80,109.63,0.01
27.10,vehicle_0,699.80,91.12,0.08
27.10,vehicle_1,757.58,92.67,0.10
27.10,vehicle_2,811.32,94.23,0.10
27.10,vehicle_3,863.32,95.63,0.10
27.10,vehicle_4,927.33,98.23,0.10
27.10,vehicle_5,986.70,100.31,0.09
27.10,vehicle_6,1043.74,101.86,0.07
27.10,vehicle_7,1120.85,105.76,0.06
27.10,vehicle_8,1190.81,108.23,0.03
27.10,vehicle_9,1256.26,109.68,0.01
28.10,vehicle_0,725.15,91.40,0.08
28.10,vehicle_1,783.38,93.02,0.10
28.10,vehicle_2,837.55,94.59,0.10
28.10,vehicle_3,889.94,95.98,0.09
28.10,vehicle_4,954.67,98.59,0.10
28.10,vehicle_5,1014.61,100.61,0.08
28.10,vehicle_6,1072.07,102.10,0.07
28.10,vehicle_7,1150.26,105.96,0.05
28.10,vehicle_8,1220.89,108.34,0.03
28.10,vehicle_9,1286.73,109.72,0.01
29.10,vehicle_0,750.59,91.70,0.08
29.10,vehicle_1,809.27,93.38,0.10
29.10,vehicle_2,863.88,94.95,0.10
29.10,vehicle_3,916.65,96.31,0.09
29.10,vehicle_4,982.10,98.93,0.09
29.10,vehicle_5,1042.60,100.90,0.08
29.10,vehicle_6,1100.46,102.33,0.06
29.10,vehicle_7,1179.72,106.15,0.05
29.10,vehicle_8,1251.00,108.45,0.03
29.10,vehicle_9,1317.21,109.75,0.01
30.10,vehicle_0,776.11,92.00,0.09
30.10,vehicle_1,835.27,93.73,0.10
30.10,vehicle_2,890.31,95.31,0.10
30.10,vehicle_3,943.46,96.64,0.09
30.10,vehicle_4,1009.63,99.25,0.09
30.10,vehicle_5,1070.67,101.18,0.07
30.10,vehicle_6,1128.92,102.54,0.06
30.10,vehicle_7,1209.23,106.32,0.05
30.10,vehicle_8,1281.14,108.55,0.03
30.10,vehicle_9,1347.71,109.78,0.01
31.10,vehicle_0,801.71,92.31,0.09
31.10,vehicle_1,861.36,94.09,0.10
31.10,vehicle_2,916.84,95.66,0.10
31.10,vehicle_3,970.35,96.96,0.09
31.10,vehicle_4,1037.25,99.56,0.08
31.10,vehicle_5,1098.81,101.44,0.07
31.10,vehicle_6,1157.44,102.75,0.06
31.10,vehicle_7,1238.79,106.48,0.04
31.10,vehicle_8,1311.31,108.64,0.02
31.10,vehicle_9,1378.21,109.81,0.01
32.10,vehicle_0,827.40,92.63,0.09
32.10,vehicle_1,887.55,94.44,0.10
32.10,vehicle_2,943.46,96.00,0.09
32.10,vehicle_3,997.33,97.27,0.08
32.10,vehicle_4,1064.95,99.86,0.08
32.10,vehicle_5,1127.03,101.69,0.07
32.10,vehicle_6,1186.01,102.94,0.05
32.10,vehicle_7,1268.39,106.64,0.04
32.10,vehicle_8,1341.50,108.72,0.02
32.10,vehicle_9,1408.71,109.83,0.01
33.10,vehicle_0,853.18,92.94,0.09
33.10,vehicle_1,913.83,94.78,0.10
33.10,vehicle_2,970.18,96.33,0.09
33.10,vehicle_3,1024.39,97.56,0.08
33.10,vehicle_4,1092.74,100.14,0.08
33.10,vehicle_5,1155.31,101.92,0.06
33.10,vehicle_6,1214.63,103.13,0.05
33.10,vehicle_7,1298.04,106.78,0.04
33.10,vehicle_8,1371.71,108.80,0.02
33.10,vehicle_9,1439.22,109.85,0.01
34.10,vehicle_0,879.04,93.25,0.09
34.10,vehicle_1,940.21,95.12,0.09
34.10,vehicle_2,996.98,96.65,0.09
34.10,vehicle_3,1051.54,97.85,0.08
34.10,vehicle_4,1120.60,100.41,0.07
34.10,vehicle_5,1183.66,102.14,0.06
34.10,vehicle_6,1243.30,103.30,0.05
34.10,vehicle_7,1327.72,106.92,0.04
34.10,vehicle_8,1401.94,108.87,0.02
34.10,vehicle_9,1469.74,109.87,0.00
35.10,vehicle_0,904.99,93.57,0.09
35.10,vehicle_1,966.68,95.45,0.09
35.10,vehicle_2,1023.88,96.96,0.08
35.10,vehicle_3,1078.76,98.12,0.07
35.10,vehicle_4,1148.53,100.67,0.07
35.10,vehicle_5,1212.07,102.36,0.06
35.10,vehicle_6,1272.02,103.46,0.04
35.10,vehicle_7,1357.44,107.04,0.03
35.10,vehicle_8,1432.19,108.93,0.02
35.10,vehicle_9,1500.26,109.89,0.00
36.10,vehicle_0,931.03,93.87,0.08
36.10,vehicle_1,993.25,95.77,0.09
36.10,vehicle_2,1050.86,97.26,0.08
36.10,vehicle_3,1106.06,98.39,0.07
36.10,vehicle_4,1176.53,100.92,0.07
36.10,vehicle_5,1240.53,102.56,0.05
36.10,vehicle_6,1300.79,103.62,0.04
36.10,vehicle_7,1387.19,107.16,0.03
36.10,vehicle_8,1462.46,109.00,0.02
36.10,vehicle_9,1530.79,109.90,0.00
37.10,vehicle_0,957.15,94.18,0.08
37.10,vehicle_1,1019.90,96.09,0.09
37.10,vehicle_2,1077.92,97.54,0.08
37.10,vehicle_3,1133.43,98.64,0.07
37.10,vehicle_4,1204.60,101.15,0.06
37.10,vehicle_5,1269.05,102.75,0.05
37.10,vehicle_6,1329.59,103.77,0.04
37.10,vehicle_7,1416.98,107.28,0.03
37.10,vehicle_8,1492.75,109.05,0.02
37.10,vehicle_9,1561.32,109.91,0.00
38.10,vehicle_0,983.36,94.47,0.08
38.10,vehicle_1,1046.64,96.39,0.08
38.10,vehicle_2,1105.05,97.82,0.08
38.10,vehicle_3,1160.86,98.88,0.07
38.10,vehicle_4,1232.73,101.37,0.06
38.10,vehicle_5,1297.61,102.93,0.05
38.10,vehicle_6,1358.44,103.91,0.04
38.10,vehicle_7,1446.79,107.38,0.03
38.10,vehicle_8,1523.05,109.11,0.01
38.10,vehicle_9,1591.85,109.92,0.00
39.10,vehicle_0,1009.64,94.76,0.08
39.10,vehicle_1,1073.46,96.68,0.08
39.10,vehicle_2,1132.27,98.09,0.07
39.10,vehicle_3,1188.37,99.12,0.06
39.10,vehicle_4,1260.92,101.59,0.06
39.10,vehicle_5,1326.23,103.10,0.05
39.10,vehicle_6,1387.32,104.04,0.04
39.10,vehicle_7,1476.64,107.49,0.03
39.10,vehicle_8,1553.36,109.16,0.01
39.10,vehicle_9,1622.39,109.93,0.00
40.10,vehicle_0,1036.01,95.05,0.08
40.10,vehicle_1,1100.36,96.97,0.08
40.10,vehicle_2,1159.55,98.35,0.07
40.10,vehicle_3,1215.93,99.34,0.06
40.10,vehicle_4,1289.17,101.79,0.06
40.10,vehicle_5,1354.90,103.26,0.04
40.10,vehicle_6,1416.24,104.17,0.03
40.10,vehicle_7,1506.51,107.58,0.03
40.10,vehicle_8,1583.69,109.20,0.01
40.10,vehicle_9,1652.93,109.94,0.00
41.10,vehicle_0,1062.45,95.32,0.08
41.10,vehicle_1,1127.33,97.24,0.07
41.10,vehicle_2,1186.91,98.59,0.07
41.10,vehicle_3,1243.56,99.56,0.06
41.10,vehicle_4,1317.48,101.99,0.05
41.10,vehicle_5,1383.60,103.42,0.04
41.10,vehicle_6,1445.20,104.29,0.03
41.10,vehicle_7,1536.41,107.67,0.02
41.10,vehicle_8,1614.03,109.24,0.01
41.10,vehicle_9,1683.47,109.95,0.00
42.10,vehicle_0,1088.97,95.59,0.07
42.10,vehicle_1,1154.38,97.50,0.07
42.10,vehicle_2,1214.33,98.83,0.06
42.10,vehicle_3,1271.25,99.76,0.06
42.10,vehicle_4,1345.84,102.17,0.05
42.10,vehicle_5,1412.36,103.57,0.04
42.10,vehicle_6,1474.19,104.41,0.03
42.10,vehicle_7,1566.33,107.76,0.02
42.10,vehicle_8,1644.38,109.28,0.01
42.10,vehicle_9,1714.01,109.96,0.00
43.10,vehicle_0,1115.57,95.85,0.07
43.10,vehicle_1,1181.51,97.76,0.07
43.10,vehicle_2,1241.82,99.06,0.06
43.10,vehicle_3,1298.99,99.96,0.05
43.10,vehicle_4,1374.24,102.35,0.05
43.10,vehicle_5,1441.15,103.71,0.04
43.10,vehicle_6,1503.21,104.52,0.03
43.10,vehicle_7,1596.28,107.84,0.02
43.10,vehicle_8,1674.75,109.32,0.01
43.10,vehicle_9,1744.55,109.96,0.00
44.10,vehicle_0,1142.23,96.10,0.07
44.10,vehicle_1,1208.70,98.00,0.07
44.10,vehicle_2,1269.37,99.27,0.06
44.10,vehicle_3,1326.79,100.15,0.05
44.10,vehicle_4,1402.70,102.52,0.05
44.10,vehicle_5,1469.98,103.85,0.04
44.10,vehicle_6,1532.26,104.63,0.03
44.10,vehicle_7,1626.24,107.92,0.02
44.10,vehicle_8,1705.12,109.36,0.01
44.10,vehicle_9,1775.10,109.97,0.00
45.10,vehicle_0,1168.96,96.35,0.07
45.10,vehicle_1,1235.96,98.24,0.06
45.10,vehicle_2,1296.98,99.48,0.06
45.10,vehicle_3,1354.63,100.33,0.05
45.10,vehicle_4,1431.20,102.68,0.04
45.10,vehicle_5,1498.84,103.98,0.04
45.10,vehicle_6,1561.34,104.73,0.03
45.10,vehicle_7,1656.23,108.00,0.02
45.10,vehicle_8,1735.50,109.39,0.01
45.10,vehicle_9,1805.65,109.97,0.00
46.10,vehicle_0,1195.76,96.58,0.06
46.10,vehicle_1,1263.28,98.46,0.06
46.10,vehicle_2,1324.64,99.68,0.05
46.10,vehicle_3,1382.53,100.51,0.05
46.10,vehicle_4,1459.75,102.84,0.04
46.10,vehicle_5,1527.74,104.10,0.03
46.10,vehicle_6,1590.45,104.83,0.03
46.10,vehicle_7,1686.24,108.07,0.02
46.10,vehicle_8,1765.89,109.42,0.01
46.10,vehicle_9,1836.19,109.97,0.00
47.10,vehicle_0,1222.63,96.81,0.06
47.10,vehicle_1,1290.67,98.68,0.06
47.10,vehicle_2,1352.36,99.88,0.05
47.10,vehicle_3,1410.47,100.67,0.05
47.10,vehicle_4,1488.34,102.99,0.04
47.10,vehicle_5,1556.68,104.22,0.03
47.10,vehicle_6,1619.58,104.92,0.03
47.10,vehicle_7,1716.27,108.14,0.02
47.10,vehicle_8,1796.29,109.45,0.01
47.10,vehicle_9,1866.74,109.98,0.00
48.10,vehicle_0,1249.55,97.03,0.06
48.10,vehicle_1,1318.11,98.89,0.06
48.10,vehicle_2,1380.13,100.06,0.05
48.10,vehicle_3,1438.46,100.84,0.04
48.10,vehicle_4,1516.97,103.13,0.04
48.10,vehicle_5,1585.65,104.34,0.03
48.10,vehicle_6,1648.74,105.02,0.02
48.10,vehicle_7,1746.32,108.20,0.02
48.10,vehicle_8,1826.70,109.48,0.01
48.10,vehicle_9,1897.29,109.98,0.00
49.10,vehicle_0,1276.54,97.25,0.06
49.10,vehicle_1,1345.61,99.10,0.06
49.10,vehicle_2,1407.96,100.24,0.05
49.10,vehicle_3,1466.50,100.99,0.04
49.10,vehicle_4,1545.63,103.27,0.04
49.10,vehicle_5,1614.65,104.45,0.03
49.10,vehicle_6,1677.92,105.10,0.02
49.10,vehicle_7,1776.39,108.26,0.02
49.10,vehicle_8,1857.11,109.51,0.01
49.10,vehicle_9,1927.84,109.98,0.00
50.10,vehicle_0,1303.58,97.45,0.06
50.10,vehicle_1,1373.17,99.29,0.05
50.10,vehicle_2,1435.83,100.41,0.05
50.10,vehicle_3,1494.57,101.14,0.04
50.10,vehicle_4,1574.34,103.40,0.04
50.10,vehicle_5,1643.68,104.55,0.03
50.10,vehicle_6,1707.13,105.19,0.02
50.10,vehicle_7,1806.47,108.32,0.02
50.10,vehicle_8,1887.54,109.53,0.01
50.10,vehicle_9,1958.39,109.98,0.00
51.10,vehicle_0,1330.68,97.65,0.05
51.10,vehicle_1,1400.78,99.48,0.05
51.10,vehicle_2,1463.75,100.58,0.05
51.10,vehicle_3,1522.69,101.29,0.04
51.10,vehicle_4,1603.08,103.53,0.03
51.10,vehicle_5,1672.73,104.65,0.03
51.10,vehicle_6,1736.36,105.27,0.02
51.10,vehicle_7,1836.57,108.38,0.02
51.10,vehicle_8,1917.97,109.55,0.01
51.10,vehicle_9,1988.94,109.99,0.00
52.10,vehicle_0,1357.84,97.85,0.05
52.10,vehicle_1,1428.44,99.66,0.05
52.10,vehicle_2,1491.71,100.74,0.04
52.10,vehicle_3,1550.85,101.43,0.04
52.10,vehicle_4,1631.86,103.65,0.03
52.10,vehicle_5,1701.82,104.75,0.03
52.10,vehicle_6,1765.62,105.34,0.02
52.10,vehicle_7,1866.68,108.44,0.01
52.10,vehicle_8,1948.40,109.58,0.01
52.10,vehicle_9,2019.50,109.99,0.00
53.10,vehicle_0,1385.05,98.03,0.05
53.10,vehicle_1,1456.15,99.84,0.05
53.10,vehicle_2,1519.72,100.89,0.04
53.10,vehicle_3,1579.04,101.56,0.04
53.10,vehicle_4,1660.67,103.77,0.03
53.10,vehicle_5,1730.93,104.84,0.03
53.10,vehicle_6,1794.89,105.42,0.02
53.10,vehicle_7,1896.81,108.49,0.01
53.10,vehicle_8,1978.84,109.60,0.01
53.10,vehicle_9,2050.05,109.99,0.00
54.10,vehicle_0,1412.31,98.22,0.05
54.10,vehicle_1,1483.91,100.01,0.05
54.10,vehicle_2,1547.77,101.04,0.04
54.10,vehicle_3,1607.28,101.69,0.04
54.10,vehicle_4,1689.51,103.88,0.03
54.10,vehicle_5,1760.07,104.93,0.02
54.10,vehicle_6,1824.18,105.49,0.02
54.10,vehicle_7,1926.96,108.54,0.01
54.10,vehicle_8,2009.29,109.62,0.01
54.10,vehicle_9,2080.60,109.99,0.00
55.10,vehicle_0,1439.62,98.39,0.05
55.10,vehicle_1,1511.72,100.17,0.04
55.10,vehicle_2,1575.85,101.19,0.04
55.10,vehicle_3,1635.54,101.82,0.03
55.10,vehicle_4,1718.38,103.99,0.03
55.10,vehicle_5,1789.23,105.02,0.02
55.10,vehicle_6,1853.50,105.56,0.02
55.10,vehicle_7,1957.11,108.59,0.01
55.10,vehicle_8,2039.74,109.64,0.01
55.10,vehicle_9,2111.15,109.99,0.00
56.10,vehicle_0,1466.98,98.56,0.05
56.10,vehicle_1,1539.57,100.33,0.04
56.10,vehicle_2,1603.98,101.32,0.04
56.10,vehicle_3,1663.85,101.94,0.03
56.10,vehicle_4,1747.29,104.10,0.03
56.10,vehicle_5,1818.41,105.11,0.02
56.10,vehicle_6,1882.83,105.63,0.02
56.10,vehicle_7,1987.28,108.63,0.01
56.10,vehicle_8,2070.20,109.65,0.00
56.10,vehicle_9,2141.71,109.99,0.00
57.10,vehicle_0,1494.38,98.73,0.05
57.10,vehicle_1,1567.46,100.48,0.04
57.10,vehicle_2,1632.15,101.46,0.04
57.10,vehicle_3,1692.18,102.06,0.03
57.10,vehicle_4,1776.22,104.20,0.03
57.10,vehicle_5,1847.62,105.19,0.02
57.10,vehicle_6,1912.18,105.70,0.02
57.10,vehicle_7,2017.47,108.68,0.01
57.10,vehicle_8,2100.66,109.67,0.00
57.10,vehicle_9,2172.26,109.99,0.00
58.10,vehicle_0,1521.83,98.89,0.04
58.10,vehicle_1,1595.39,100.63,0.04
58.10,vehicle_2,1660.35,101.59,0.04
58.10,vehicle_3,1720.55,102.17,0.03
58.10,vehicle_4,1805.18,104.30,0.03
58.10,vehicle_5,1876.85,105.27,0.02
58.10,vehicle_6,1941.55,105.76,0.02
58.10,vehicle_7,2047.66,108.72,0.01
58.10,vehicle_8,2131.12,109.69,0.00
58.10,vehicle_9,2202.82,109.99,0.00
59.10,vehicle_0,1549.32,99.04,0.04
59.10,vehicle_1,1623.37,100.77,0.04
59.10,vehicle_2,1688.59,101.71,0.03
59.10,vehicle_3,1748.95,102.28,0.03
59.10,vehicle_4,1834.16,104.40,0.03
59.10,vehicle_5,1906.11,105.34,0.02
59.10,vehicle_6,1970.94,105.82,0.02
59.10,vehicle_7,2077.87,108.76,0.01
59.10,vehicle_8,2161.60,109.70,0.00
59.10,vehicle_9,2233.37,110.00,0.00
60.10,vehicle_0,1576.85,99.19,0.04
60.10,vehicle_1,1651.38,100.91,0.04
60.10,vehicle_2,1716.86,101.84,0.03
60.10,vehicle_3,1777.37,102.39,0.03
60.10,vehicle_4,1863.18,104.49,0.03
60.10,vehicle_5,1935.38,105.41,0.02
60.10,vehicle_6,2000.34,105.88,0.02
60.10,vehicle_7,2108.09,108.80,0.01
60.10,vehicle_8,2192.07,109.71,0.00
60.10,vehicle_9,2263.92,110.00,0.00
61.10,vehicle_0,1604.43,99.34,0.04
61.10,vehicle_1,1679.43,101.05,0.04
61.10,vehicle_2,1745.17,101.95,0.03
61.10,vehicle_3,1805.83,102.50,0.03
61.10,vehicle_4,1892.22,104.58,0.02
61.10,vehicle_5,1964.67,105.49,0.02
61.10,vehicle_6,2029.76,105.94,0.02
61.10,vehicle_7,2138.32,108.84,0.01
61.10,vehicle_8,2222.55,109.73,0.00
61.10,vehicle_9,2294.48,110.00,0.00
62.10,vehicle_0,1632.04,99.48,0.04
62.10,vehicle_1,1707.52,101.18,0.04
62.10,vehicle_2,1773.51,102.07,0.03
62.10,vehicle_3,1834.32,102.60,0.03
62.10,vehicle_4,1921.28,104.67,0.02
62.10,vehicle_5,1993.98,105.55,0.02
62.10,vehicle_6,2059.20,105.99,0.02
62.10,vehicle_7,2168.55,108.88,0.01
62.10,vehicle_8,2253.03,109.74,0.00
62.10,vehicle_9,2325.03,110.00,0.00
63.10,vehicle_0,1659.70,99.61,0.04
63.10,vehicle_1,1735.65,101.30,0.03
63.10,vehicle_2,1801.88,102.18,0.03
63.10,vehicle_3,1862.83,102.69,0.03
63.10,vehicle_4,1950.37,104.75,0.02
63.10,vehicle_5,2023.31,105.62,0.02
63.10,vehicle_6,2088.65,106.05,0.01
63.10,vehicle_7,2198.80,108.91,0.01
63.10,vehicle_8,2283.52,109.75,0.00
63.10,vehicle_9,2355.59,110.00,0.00
64.10,vehicle_0,1687.39,99.75,0.04
64.10,vehicle_1,1763.81,101.43,0.03
64.10,vehicle_2,1830.28,102.29,0.03
64.10,vehicle_3,1891.37,102.79,0.03
64.10,vehicle_4,1979.48,104.83,0.02
64.10,vehicle_5,2052.66,105.69,0.02
64.10,vehicle_6,2118.12,106.10,0.01
64.10,vehicle_7,2229.06,108.95,0.01
64.10,vehicle_8,2314.00,109.76,0.00
64.10,vehicle_9,2386.14,110.00,0.00
65.10,vehicle_0,1715.12,99.88,0.04
65.10,vehicle_1,1792.00,101.55,0.03
65.10,vehicle_2,1858.70,102.39,0.03
65.10,vehicle_3,1919.94,102.88,0.03
65.10,vehicle_4,2008.61,104.91,0.02
65.10,vehicle_5,2082.03,105.75,0.02
65.10,vehicle_6,2147.60,106.15,0.01
65.10,vehicle_7,2259.33,108.98,0.01
65.10,vehicle_8,2344.50,109.78,0.00
65.10,vehicle_9,2416.70,110.00,0.00
66.10,vehicle_0,1742.88,100.00,0.03
66.10,vehicle_1,1820.22,101.66,0.03
66.10,vehicle_2,1887.16,102.49,0.03
66.10,vehicle_3,1948.53,102.97,0.02
66.10,vehicle_4,2037.76,104.99,0.02
66.10,vehicle_5,2111.41,105.81,0.02
66.10,vehicle_6,2177.09,106.20,0.01
66.10,vehicle_7,2289.61,109.01,0.01
66.10,vehicle_8,2374.99,109.79,0.00
66.10,vehicle_9,2447.25,110.00,0.00
67.10,vehicle_0,1770.68,100.13,0.03
67.10,vehicle_1,1848.48,101.77,0.03
67.10,vehicle_2,1915.65,102.59,0.03
67.10,vehicle_3,1977.15,103.06,0.02
67.10,vehicle_4,2066.94,105.06,0.02
67.10,vehicle_5,2140.81,105.87,0.02
67.10,vehicle_6,2206.60,106.25,0.01
67.10,vehicle_7,2319.90,109.04,0.01
67.10,vehicle_8,2405.49,109.80,0.00
67.10,vehicle_9,2477.81,110.00,0.00
68.10,vehicle_0,1798.51,100.25,0.03
68.10,vehicle_1,1876.77,101.88,0.03
68.10,vehicle_2,1944.16,102.69,0.03
68.10,vehicle_3,2005.79,103.15,0.02
68.10,vehicle_4,2096.13,105.14,0.02
68.10,vehicle_5,2170.23,105.93,0.02
68.10,vehicle_6,2236.12,106.30,0.01
68.10,vehicle_7,2350.19,109.07,0.01
68.10,vehicle_8,2435.99,109.81,0.00
68.10,vehicle_9,2508.36,110.00,0.00
69.10,vehicle_0,1826.37,100.36,0.03
69.10,vehicle_1,1905.08,101.99,0.03
69.10,vehicle_2,1972.70,102.78,0.03
69.10,vehicle_3,2034.46,103.23,0.02
69.10,vehicle_4,2125.35,105.21,0.02
69.10,vehicle_5,2199.66,105.98,0.02
69.10,vehicle_6,2265.66,106.34,0.01
69.10,vehicle_7,2380.49,109.10,0.01
69.10,vehicle_8,2466.49,109.81,0.00
69.10,vehicle_9,2538.92,110.00,0.00
70.10,vehicle_0,1854.27,100.47,0.03
70.10,vehicle_1,1933.43,102.09,0.03
70.10,vehicle_2,2001.26,102.87,0.02
70.10,vehicle_3,2063.14,103.31,0.02
70.10,vehicle_4,2154.58,105.28,0.02
70.10,vehicle_5,2229.11,106.04,0.01
70.10,vehicle_6,2295.20,106.39,0.01
70.10,vehicle_7,2410.80,109.13,0.01
70.10,vehicle_8,2497.00,109.82,0.00
70.10,vehicle_9,2569.47,110.00,0.00
71.10,vehicle_0,1882.19,100.59,0.03
71.10,vehicle_1,1961.80,102.19,0.03
71.10,vehicle_2,2029.85,102.96,0.02
71.10,vehicle_3,2091.85,103.39,0.02
71.10,vehicle_4,2183.84,105.34,0.02
71.10,vehicle_5,2258.57,106.09,0.01
71.10,vehicle_6,2324.76,106.43,0.01
71.10,vehicle_7,2441.12,109.16,0.01
71.10,vehicle_8,2527.51,109.83,0.00
71.10,vehicle_9,2600.03,110.00,0.00
72.10,vehicle_0,1910.15,100.69,0.03
72.10,vehicle_1,1990.21,102.29,0.03
72.10,vehicle_2,2058.46,103.04,0.02
72.10,vehicle_3,2120.58,103.47,0.02
72.10,vehicle_4,2213.11,105.41,0.02
72.10,vehicle_5,2288.05,106.14,0.01
72.10,vehicle_6,2354.33,106.47,0.01
72.10,vehicle_7,2471.45,109.18,0.01
72.10,vehicle_8,2558.02,109.84,0.00
72.10,vehicle_9,2630.58,110.00,0.00
73.10,vehicle_0,1938.14,100.80,0.03
73.10,vehicle_1,2018.64,102.39,0.03
73.10,vehicle_2,2087.10,103.13,0.02
73.10,vehicle_3,2149.33,103.54,0.02
73.10,vehicle_4,2242.40,105.47,0.02
73.10,vehicle_5,2317.54,106.19,0.01
73.10,vehicle_6,2383.92,106.52,0.01
73.10,vehicle_7,2501.78,109.21,0.01
73.10,vehicle_8,2588.53,109.85,0.00
73.10,vehicle_9,2661.14,110.00,0.00
74.10,vehicle_0,1966.15,100.90,0.03
74.10,vehicle_1,2047.09,102.48,0.03
74.10,vehicle_2,2115.76,103.21,0.02
74.10,vehicle_3,2178.11,103.61,0.02
74.10,vehicle_4,2271.71,105.53,0.02
74.10,vehicle_5,2347.05,106.24,0.01
74.10,vehicle_6,2413.51,106.56,0.01
74.10,vehicle_7,2532.12,109.23,0.01
74.10,vehicle_8,2619.04,109.85,0.00
74.10,vehicle_9,2691.69,110.00,0.00
75.10,vehicle_0,1994.19,101.00,0.03
75.10,vehicle_1,2075.57,102.57,0.03
75.10,vehicle_2,2144.44,103.29,0.02
75.10,vehicle_3,2206.90,103.68,0.02
75.10,vehicle_4,2301.03,105.59,0.02
75.10,vehicle_5,2376.56,106.28,0.01
75.10,vehicle_6,2443.12,106.60,0.01
75.10,vehicle_7,2562.47,109.26,0.01
75.10,vehicle_8,2649.56,109.86,0.00
75.10,vehicle_9,2722.25,110.00,0.00
76.10,vehicle_0,2022.26,101.10,0.03
76.10,vehicle_1,2104.08,102.66,0.02
76.10,vehicle_2,2173.14,103.37,0.02
76.10,vehicle_3,2235.71,103.75,0.02
76.10,vehicle_4,2330.37,105.65,0.02
76.10,vehicle_5,2406.09,106.33,0.01
76.10,vehicle_6,2472.73,106.63,0.01
76.10,vehicle_7,2592.82,109.28,0.01
76.10,vehicle_8,2680.08,109.87,0.00
76.10,vehicle_9,2752.81,110.00,0.00
77.10,vehicle_0,2050.36,101.19,0.03
77.10,vehicle_1,2132.61,102.75,0.02
77.10,vehicle_2,2201.86,103.44,0.02
77.10,vehicle_3,2264.54,103.82,0.02
77.10,vehicle_4,2359.73,105.71,0.02
77.10,vehicle_5,2435.64,106.38,0.01
77.10,vehicle_6,2502.36,106.67,0.01
77.10,vehicle_7,2623.18,109.30,0.01
77.10,vehicle_8,2710.60,109.87,0.00
77.10,vehicle_9,2783.36,110.00,0.00
78.10,vehicle_0,2078.49,101.29,0.03
78.10,vehicle_1,2161.16,102.83,0.02
78.10,vehicle_2,2230.61,103.52,0.02
78.10,vehicle_3,2293.39,103.89,0.02
78.10,vehicle_4,2389.10,105.77,0.02
78.10,vehicle_5,2465.19,106.42,0.01
78.10,vehicle_6,2531.99,106.71,0.01
78.10,vehicle_7,2653.54,109.32,0.01
78.10,vehicle_8,2741.12,109.88,0.00
78.10,vehicle_9,2813.92,110.00,0.00
79.10,vehicle_0,2106.63,101.38,0.03
79.10,vehicle_1,2189.74,102.91,0.02
79.10,vehicle_2,2259.38,103.59,0.02
79.10,vehicle_3,2322.26,103.95,0.02
79.10,vehicle_4,2418.49,105.82,0.01
79.10,vehicle_5,2494.76,106.46,0.01
79.10,vehicle_6,2561.64,106.74,0.01
79.10,vehicle_7,2683.91,109.34,0.01
79.10,vehicle_8,2771.64,109.88,0.00
79.10,vehicle_9,2844.47,110.00,0.00
80.10,vehicle_0,2134.81,101.47,0.02
80.10,vehicle_1,2218.34,103.00,0.02
80.10,vehicle_2,2288.16,103.66,0.02
80.10,vehicle_3,2351.14,104.02,0.02
80.10,vehicle_4,2447.89,105.87,0.01
80.10,vehicle_5,2524.34,106.50,0.01
80.10,vehicle_6,2591.30,106.78,0.01
80.10,vehicle_7,2714.29,109.36,0.01
80.10,vehicle_8,2802.16,109.89,0.00
80.10,vehicle_9,2875.03,110.00,0.00
81.10,vehicle_0,2163.01,101.55,0.02
81.10,vehicle_1,2246.96,103.07,0.02
81.10,vehicle_2,2316.97,103.73,0.02
81.10,vehicle_3,2380.05,104.08,0.02
81.10,vehicle_4,2477.31,105.93,0.01
81.10,vehicle_5,2553.93,106.54,0.01
81.10,vehicle_6,2620.96,106.81,0.01
81.10,vehicle_7,2744.67,109.38,0.01
81.10,vehicle_8,2832.69,109.89,0.00
81.10,vehicle_9,2905.58,110.00,0.00
82.10,vehicle_0,2191.23,101.64,0.02
82.10,vehicle_1,2275.60,103.15,0.02
82.10,vehicle_2,2345.79,103.79,0.02
82.10,vehicle_3,2408.97,104.14,0.02
82.10,vehicle_4,2506.74,105.98,0.01
82.10,vehicle_5,2583.53,106.58,0.01
82.10,vehicle_6,2650.64,106.84,0.01
82.10,vehicle_7,2775.06,109.40,0.01
82.10,vehicle_8,2863.22,109.90,0.00
82.10,vehicle_9,2936.14,110.00,0.00
83.10,vehicle_0,2219.47,101.72,0.02
83.10,vehicle_1,2304.27,103.23,0.02
83.10,vehicle_2,2374.63,103.86,0.02
83.10,vehicle_3,2437.90,104.20,0.02
83.10,vehicle_4,2536.19,106.02,0.01
83.10,vehicle_5,2613.14,106.62,0.01
83.10,vehicle_6,2680.32,106.88,0.01
83.10,vehicle_7,2805.45,109.42,0.00
83.10,vehicle_8,2893.74,109.90,0.00
83.10,vehicle_9,2966.69,110.00,0.00
84.10,vehicle_0,2247.74,101.80,0.02
84.10,vehicle_1,2332.95,103.30,0.02
84.10,vehicle_2,2403.49,103.93,0.02
84.10,vehicle_3,2466.86,104.26,0.02
84.10,vehicle_4,2565.65,106.07,0.01
84.10,vehicle_5,2642.77,106.66,0.01
84.10,vehicle_6,2710.01,106.91,0.01
84.10,vehicle_7,2835.84,109.44,0.00
84.10,vehicle_8,2924.27,109.91,0.00
84.10,vehicle_9,2997.25,110.00,0.00
85.10,vehicle_0,2276.03,101.88,0.02
85.10,vehicle_1,2361.66,103.37,0.02
85.10,vehicle_2,2432.37,103.99,0.02
85.10,vehicle_3,2495.83,104.31,0.02
85.10,vehicle_4,2595.12,106.12,0.01
85.10,vehicle_5,2672.40,106.69,0.01
85.10,vehicle_6,2739.72,106.94,0.01
85.10,vehicle_7,2866.25,109.45,0.00
85.10,vehicle_8,2954.81,109.91,0.00
85.10,vehicle_9,3027.80,110.00,0.00
86.10,vehicle_0,2304.35,101.96,0.02
86.10,vehicle_1,2390.39,103.44,0.02
86.10,vehicle_2,2461.26,104.05,0.02
86.10,vehicle_3,2524.81,104.37,0.02
86.10,vehicle_4,2624.60,106.17,0.01
86.10,vehicle_5,2702.04,106.73,0.01
86.10,vehicle_6,2769.43,106.97,0.01
86.10,vehicle_7,2896.65,109.47,0.00
86.10,vehicle_8,2985.34,109.92,0.00
86.10,vehicle_9,3058.36,110.00,0.00
87.10,vehicle_0,2332.68,102.04,0.02
87.10,vehicle_1,2419.13,103.51,0.02
87.10,vehicle_2,2490.18,104.11,0.02
87.10,vehicle_3,2553.81,104.42,0.01
87.10,vehicle_4,2654.10,106.21,0.01
87.10,vehicle_5,2731.69,106.77,0.01
87.10,vehicle_6,2799.14,107.00,0.01
87.10,vehicle_7,2927.06,109.48,0.00
87.10,vehicle_8,3015.87,109.92,0.00
87.10,vehicle_9,3088.92,110.00,0.00
88.10,vehicle_0,2361.04,102.11,0.02
88.10,vehicle_1,2447.89,103.58,0.02
88.10,vehicle_2,2519.10,104.17,0.02
88.10,vehicle_3,2582.82,104.48,0.01
88.10,vehicle_4,2683.61,106.25,0.01
88.10,vehicle_5,2761.36,106.80,0.01
88.10,vehicle_6,2828.87,107.03,0.01
88.10,vehicle_7,2957.48,109.50,0.00
88.10,vehicle_8,3046.40,109.92,0.00
88.10,vehicle_9,3119.47,110.00,0.00
89.10,vehicle_0,2389.41,102.19,0.02
89.10,vehicle_1,2476.68,103.65,0.02
89.10,vehicle_2,2548.05,104.23,0.02
89.10,vehicle_3,2611.85,104.53,0.01
89.10,vehicle_4,2713.13,106.30,0.01
89.10,vehicle_5,2791.03,106.83,0.01
89.10,vehicle_6,2858.61,107.06,0.01
89.10,vehicle_7,2987.90,109.51,0.00
89.10,vehicle_8,3076.94,109.93,0.00
89.10,vehicle_9,3150.03,110.00,0.00
90.10,vehicle_0,2417.81,102.26,0.02
90.10,vehicle_1,2505.48,103.71,0.02
90.10,vehicle_2,2577.01,104.28,0.02
90.10,vehicle_3,2640.90,104.58,0.01
90.10,vehicle_4,2742.66,106.34,0.01
90.10,vehicle_5,2820.71,106.87,0.01
90.10,vehicle_6,2888.35,107.08,0.01
90.10,vehicle_7,3018.32,109.53,0.00
90.10,vehicle_8,3107.48,109.93,0.00
90.10,vehicle_9,3180.58,110.00,0.00
91.10,vehicle_0,2446.23,102.33,0.02
91.10,vehicle_1,2534.29,103.77,0.02
91.10,vehicle_2,2605.99,104.34,0.02
91.10,vehicle_3,2669.95,104.63,0.01
91.10,vehicle_4,2772.21,106.38,0.01
91.10,vehicle_5,2850.40,106.90,0.01
91.10,vehicle_6,2918.10,107.11,0.01
91.10,vehicle_7,3048.75,109.54,0.00
91.10,vehicle_8,3138.01,109.93,0.00
91.10,vehicle_9,3211.14,110.00,0.00
92.10,vehicle_0,2474.66,102.40,0.02
92.10,vehicle_1,2563.13,103.84,0.02
92.10,vehicle_2,2634.98,104.39,0.01
92.10,vehicle_3,2699.03,104.68,0.01
92.10,vehicle_4,2801.77,106.42,0.01
92.10,vehicle_5,2880.10,106.93,0.01
92.10,vehicle_6,2947.85,107.14,0.01
92.10,vehicle_7,3079.18,109.56,0.00
92.10,vehicle_8,3168.55,109.94,0.00
92.10,vehicle_9,3241.69,110.00,0.00
93.10,vehicle_0,2503.12,102.47,0.02
93.10,vehicle_1,2591.98,103.90,0.02
93.10,vehicle_2,2663.98,104.45,0.01
93.10,vehicle_3,2728.11,104.73,0.01
93.10,vehicle_4,2831.33,106.46,0.01
93.10,vehicle_5,2909.80,106.96,0.01
93.10,vehicle_6,2977.62,107.16,0.01
93.10,vehicle_7,3109.61,109.57,0.00
93.10,vehicle_8,3199.09,109.94,0.00
93.10,vehicle_9,3272.25,110.00,0.00
94.10,vehicle_0,2531.59,102.53,0.02
94.10,vehicle_1,2620.85,103.96,0.02
94.10,vehicle_2,2693.00,104.50,0.01
94.10,vehicle_3,2757.21,104.77,0.01
94.10,vehicle_4,2860.91,106.50,0.01
94.10,vehicle_5,2939.52,106.99,0.01
94.10,vehicle_6,3007.39,107.19,0.01
94.10,vehicle_7,3140.05,109.58,0.00
94.10,vehicle_8,3229.63,109.94,0.00
94.10,vehicle_9,3302.80,110.00,0.00
95.10,vehicle_0,2560.08,102.60,0.02
95.10,vehicle_1,2649.74,104.01,0.02
95.10,vehicle_2,2722.04,104.55,0.01
95.10,vehicle_3,2786.32,104.82,0.01
95.10,vehicle_4,2890.50,106.53,0.01
95.10,vehicle_5,2969.24,107.02,0.01
95.10,vehicle_6,3037.17,107.21,0.01
95.10,vehicle_7,3170.49,109.59,0.00
95.10,vehicle_8,3260.17,109.95,0.00
95.10,vehicle_9,3333.36,110.00,0.00
96.10,vehicle_0,2588.59,102.66,0.02
96.10,vehicle_1,2678.64,104.07,0.02
96.10,vehicle_2,2751.09,104.60,0.01
96.10,vehicle_3,2815.44,104.87,0.01
96.10,vehicle_4,2920.10,106.57,0.01
96.10,vehicle_5,2998.97,107.05,0.01
96.10,vehicle_6,3066.96,107.24,0.01
96.10,vehicle_7,3200.93,109.61,0.00
96.10,vehicle_8,3290.71,109.95,0.00
96.10,vehicle_9,3363.92,110.00,0.00
97.10,vehicle_0,2617.12,102.73,0.02
97.10,vehicle_1,2707.56,104.13,0.02
97.10,vehicle_2,2780.15,104.65,0.01
97.10,vehicle_3,2844.58,104.91,0.01
97.10,vehicle_4,2949.71,106.61,0.01
97.10,vehicle_5,3028.71,107.07,0.01
97.10,vehicle_6,3096.75,107.26,0.01
97.10,vehicle_7,3231.38,109.62,0.00
97.10,vehicle_8,3321.25,109.95,0.00
97.10,vehicle_9,3394.47,110.00,0.00
98.10,vehicle_0,2645.66,102.79,0.02
98.10,vehicle_1,2736.49,104.18,0.02
98.10,vehicle_2,2809.22,104.70,0.01
98.10,vehicle_3,2873.73,104.95,0.01
98.10,vehicle_4,2979.32,106.64,0.01
98.10,vehicle_5,3058.46,107.10,0.01
98.10,vehicle_6,3126.55,107.29,0.01
98.10,vehicle_7,3261.83,109.63,0.00
98.10,vehicle_8,3351.79,109.95,0.00
98.10,vehicle_9,3425.03,110.00,0.00
99.10,vehicle_0,2674.22,102.85,0.02
99.10,vehicle_1,2765.44,104.24,0.01
99.10,vehicle_2,2838.31,104.74,0.01
99.10,vehicle_3,2902.89,105.00,0.01
99.10,vehicle_4,3008.95,106.68,0.01
99.10,vehicle_5,3088.22,107.13,0.01
99.10,vehicle_6,3156.35,107.31,0.01
99.10,vehicle_7,3292.29,109.64,0.00
99.10,vehicle_8,3382.34,109.95,0.00
99.10,vehicle_9,3455.58,110.00,0.00
